"","lags","Q"
"1",2,1.0931659069367
"2",3,1.08238620746507
"3",4,1.1031392762511
"4",5,1.11990747918692
"5",7,1.12556226891341
"6",10,1.14263915246492
"7",14,1.17152304704925
"8",30,1.16918238255185
"9",365,2.28934082059368
