"","lags","Q"
"1",2,1.50009615150823
"2",3,1.501789515683
"3",4,1.50461272731657
"4",5,1.513896108004
"5",7,1.51864957935676
"6",10,1.51170338114853
"7",14,1.49149495288934
"8",30,1.39188764971198
"9",365,1.29792919116032
