"","lags","Q"
"1",2,1.43278614227206
"2",3,1.43665974144869
"3",4,1.43968231716387
"4",5,1.45989076232148
"5",7,1.47560678406379
"6",10,1.49855783584267
"7",14,1.49851886533073
"8",30,1.47640701135764
"9",365,1.31935929926155
