"","lags","Q"
"1",2,1.59303298261583
"2",3,1.60853751227825
"3",4,1.62825695004929
"4",5,1.64529423877141
"5",7,1.66663650386634
"6",10,1.6957722013655
"7",14,1.69991550527323
"8",30,1.7185818985233
"9",365,1.74670497462498
