"","lags","Q"
"1",2,1.11994628652299
"2",3,1.131648065047
"3",4,1.13555794928301
"4",5,1.14531840238846
"5",7,1.16785742025222
"6",10,1.19526540760954
"7",14,1.23080822823316
"8",30,1.28998715087346
"9",365,1.52061614536871
