"","lags","Q"
"1",2,1.39973423893854
"2",3,1.40829670551366
"3",4,1.40928973011039
"4",5,1.41101505178975
"5",7,1.40764111601051
"6",10,1.39976106581775
"7",14,1.39506696286147
"8",30,1.32085384527853
"9",365,1.22502339760617
