"","lags","Q"
"1",2,1.15477591194829
"2",3,1.15589055798415
"3",4,1.15237801092282
"4",5,1.15877325803411
"5",7,1.17171794566378
"6",10,1.1818367506084
"7",14,1.19491596491737
"8",30,1.19782051683522
"9",365,1.26137862904407
