"","lags","Q"
"1",2,1.27625802791834
"2",3,1.28782277204893
"3",4,1.2995058605746
"4",5,1.31086230708419
"5",7,1.33384917339821
"6",10,1.34301952282611
"7",14,1.36191432900976
"8",30,1.38388188307666
"9",365,1.46381742076871
