"","lags","Q"
"1",2,1.0661424446696
"2",3,1.07217927669452
"3",4,1.07715601349898
"4",5,1.08915531344452
"5",7,1.10144846460431
"6",10,1.10415982292437
"7",14,1.10992708255277
"8",30,1.09329432944572
"9",365,1.29036366993142
