"","lags","Q"
"1",2,1.31788249214088
"2",3,1.31492106599018
"3",4,1.30894561337993
"4",5,1.31144922798733
"5",7,1.31816816593024
"6",10,1.32012228903921
"7",14,1.31536577716747
"8",30,1.3260790413784
"9",365,1.25962403036484
