"","lags","Q"
"1",2,1.72139772582678
"2",3,1.74873803642551
"3",4,1.76766597932005
"4",5,1.78238158768452
"5",7,1.79838950617533
"6",10,1.81793210960926
"7",14,1.84539200970731
"8",30,1.84030829994431
"9",365,1.62438078829284
