"","lags","Q"
"1",2,1.39627828602476
"2",3,1.4137388027331
"3",4,1.42233575260093
"4",5,1.43010658588555
"5",7,1.4533316780703
"6",10,1.48097411517351
"7",14,1.50981714936041
"8",30,1.56726073108699
"9",365,1.60998251780748
