"","lags","Q"
"1",2,1.87374002516325
"2",3,1.89487748477847
"3",4,1.91426196421946
"4",5,1.91879688578533
"5",7,1.9284253750116
"6",10,1.92346917838622
"7",14,1.91533238421428
"8",30,1.94489894391387
"9",365,1.5566275788606
