"","lags","Q"
"1",2,1.16579074530244
"2",3,1.17702188059832
"3",4,1.1764314405782
"4",5,1.17891661667266
"5",7,1.18773198291135
"6",10,1.18951369069871
"7",14,1.18042996744629
"8",30,1.13245123301753
"9",365,1.10413673938608
