"","lags","Q"
"1",2,2.03915987608859
"2",3,2.04316895401598
"3",4,2.02685570079828
"4",5,2.01638391998758
"5",7,1.99240493869676
"6",10,1.95761480409698
"7",14,1.93216815902129
"8",30,1.86801758735877
"9",365,1.83100180781183
