"","lags","pvalue"
"1",1,0
"2",2,0
"3",3,0
"4",4,0
"5",5,0
"6",6,2.22044604925031e-16
"7",7,3.33066907387547e-16
"8",10,2.1094237467878e-15
"9",14,3.83026943495679e-14
"10",30,5.69521096949188e-11
"11",90,0
"12",365,2.26485497023532e-14
