"","Stats.M1","Stats.M2","pvalue_m1","pvalue_m2"
"k=2",-3.34456454814172,-2.80650249013653,0.000824118501752995,0.00500825253872672
"k=3",-2.65769961534703,-2.22861743266161,0.00786759826629612,0.0258393701477704
"k=4",-1.90015817661691,-1.61207989228821,0.0574123649758092,0.106944555702511
"k=5",-1.96691959445797,-1.6861524933985,0.0491924811747512,0.0917664314253134
"k=7",-1.87000556139743,-1.63240124821954,0.0614830455704665,0.102594986365226
"k=10",-1.65097225063332,-1.47751678761908,0.0987442412403438,0.139537161630312
"k=14",-1.56640290493926,-1.43465478285662,0.11725432332002,0.151385495299862
"k=30",-1.07191209221511,-1.02076300506465,0.283759518374737,0.307366735797033
"k=365",-1.06084430157248,-1.1430948888209,0.288760665265069,0.252999196180462
