"","Stats.M1","Stats.M2","pvalue_m1","pvalue_m2"
"k=2",-1.71966919004279,-1.01982071876872,0.0854925913276117,0.30781349513643
"k=3",-0.398755765103549,-0.232644093639233,0.690073173751035,0.816037784807552
"k=4",-0.410758866343231,-0.239358869689419,0.681249357672036,0.810827320332974
"k=5",-0.464657972126224,-0.27272097184442,0.642176409969267,0.785067712394284
"k=7",-0.760960930831853,-0.454205548424191,0.446680403234659,0.649680889924425
"k=10",-0.58155343931967,-0.352119198118947,0.560867512842188,0.724748871239674
"k=14",-0.0903004023555219,-0.0552553319961336,0.928048500425577,0.955935047669131
"k=30",1.49618523566977,0.920215242372954,0.13460539093217,0.357460290598664
"k=365",0.928537494872828,0.653565935479976,0.353128827672034,0.513391496704669
