"","Stats.M1","Stats.M2","pvalue_m1","pvalue_m2"
"k=2",-4.74840885579599,-2.64726892116105,2.05023245742331e-06,0.00811447958112425
"k=3",-4.25509840439115,-2.43791064527643,2.08957095786507e-05,0.0147724250384335
"k=4",-4.39677376839774,-2.58053311412154,1.0987175643927e-05,0.00986478948964016
"k=5",-4.19341047113169,-2.50356653980362,2.74791558052049e-05,0.0122948559080469
"k=7",-4.2184108740987,-2.57785578582034,2.46030185409767e-05,0.00994154790323615
"k=10",-3.8021894299737,-2.38616011370117,0.000143422997463193,0.0170253368112736
"k=14",-3.4643823580802,-2.23164647766492,0.000531450533425264,0.0256383372498155
"k=30",-2.88383911155295,-1.98050417420622,0.00392859409739845,0.0476469047710068
"k=365",-1.27693395473718,-1.11046434523454,0.201625565285352,0.266798984109033
