"","Stats.M1","Stats.M2","pvalue_m1","pvalue_m2"
"k=2",-2.52752996555437,-1.65655587328882,0.0114868021113307,0.0976092999739408
"k=3",-2.01494681351727,-1.30889339625295,0.043910222189587,0.190570463867381
"k=4",-2.223522208655,-1.44571839817654,0.0261806075445853,0.148256201853945
"k=5",-2.40322534674127,-1.57494843283519,0.0162511695289694,0.115268347926259
"k=7",-2.72361151263817,-1.80846566850897,0.00645724124753774,0.0705340554325391
"k=10",-2.59393595131948,-1.75898392563361,0.00948841610508944,0.0785802388540932
"k=14",-2.57435689083575,-1.79157098473735,0.0100426622546046,0.0732017144152865
"k=30",-2.01614058578348,-1.48964767412412,0.043785277123358,0.136316899711462
"k=365",-0.865507801174548,-0.702278380601896,0.386760136012519,0.482505573104526
