"","Stats.M1","Stats.M2","pvalue_m1","pvalue_m2"
"k=2",-3.82455628369476,-2.55278624264952,0.000131007816118789,0.0106865058718205
"k=3",-1.91148152107357,-1.26020559135989,0.0559427292904655,0.207595206342935
"k=4",-1.4190575375383,-0.920886129240214,0.155882242150246,0.357109881129876
"k=5",-0.982439430721204,-0.629694761655768,0.325883408739093,0.52889431048783
"k=7",-1.15508381492332,-0.731893468266274,0.248056105418645,0.464233593211613
"k=10",-0.895912525768034,-0.559520847027391,0.370299483779753,0.575806307744233
"k=14",-0.669201728051214,-0.412921741630191,0.503366804078851,0.679663951308302
"k=30",-0.572116281588173,-0.356258250050227,0.567243199461282,0.721647172455
"k=365",-0.0614405482265137,-0.0479536338866585,0.951008360524638,0.961753194862086
