"","Stats.M1","Stats.M2","pvalue_m1","pvalue_m2"
"k=2",-3.31928166248978,-2.10249017965538,0.000902493492104015,0.0355103590005886
"k=3",-4.13577672842178,-2.40755530201191,3.53756020752941e-05,0.0160597296961013
"k=4",-4.12420910056092,-2.32795610398433,3.72010825131859e-05,0.0199144346533411
"k=5",-3.85267796912665,-2.15040678937508,0.000116833002061694,0.0315230517765501
"k=7",-3.77498453333872,-2.1015163207236,0.000160017591585581,0.0355956668447354
"k=10",-3.63851534480315,-2.05599265590822,0.000274214292143339,0.0397832240997096
"k=14",-3.50261734073018,-2.02869753255201,0.000460710807590608,0.042489107380822
"k=30",-3.10966998934599,-1.930633213623,0.00187296476181574,0.053528427443316
"k=365",-1.11404977584661,-0.934513031193612,0.265257833213945,0.350039317223901
