"","Stats.M1","Stats.M2","pvalue_m1","pvalue_m2"
"k=2",-1.32858257330911,-0.851642076505614,0.183985724561091,0.394412778586332
"k=3",-0.752486535848503,-0.492695597402451,0.451758523804439,0.622227688909198
"k=4",-0.841960188733459,-0.558252020573556,0.399810237996444,0.576672302868561
"k=5",-0.52648418536174,-0.351622024858237,0.598551837196629,0.725121745311338
"k=7",-0.895552279644801,-0.605558578332331,0.370491932138435,0.54480791509535
"k=10",-1.11292799710183,-0.764141906452278,0.26573935466429,0.444782681487072
"k=14",-1.09016009197908,-0.761225798236215,0.275642629454696,0.446522211717767
"k=30",-0.696620971650361,-0.5103449733035,0.486040027862635,0.609809800365882
"k=365",-0.554146615163999,-0.488216671979983,0.579478510065726,0.625396376709682
