"","lags","pvalue"
"1",1,0
"2",2,0
"3",3,0
"4",4,0
"5",5,0
"6",6,0
"7",7,0
"8",10,0
"9",14,0
"10",30,2.22044604925031e-16
"11",90,8.47655279301307e-13
"12",365,3.19974544638058e-08
